Name,Project name,Existence bad habit,Type of bad habit,Page,Character,Sequence name,Sequence
Sergio,Bikathon,NONE,Dead code,----,----,----,----
Sergio,Bikathon,NONE,Unfinished code,----,----,----,----
Sergio,Bikathon,NONE,Sequences with adjacent blocks,----,----,----,----
Sergio,SkyWarriors,NONE,Dead code,----,----,----,----
Sergio,SkyWarriors,NONE,Unfinished code,----,----,----,----
Sergio,SkyWarriors,NONE,Sequences with adjacent blocks,----,----,----,----
Sergio,wizardanddragon,NONE,Dead code,----,----,----,----
Sergio,wizardanddragon,NONE,Unfinished code,----,----,----,----
Sergio,wizardanddragon,NONE,Sequences with adjacent blocks,----,----,----,----
Sergio,FlyFlap,NONE,Dead code,----,----,----,----
Sergio,FlyFlap,NONE,Unfinished code,----,----,----,----
Sergio,FlyFlap,NONE,Sequences with adjacent blocks,----,----,----,----
Sergio,FallingBacktoEarth,NONE,Dead code,----,----,----,----
Sergio,FallingBacktoEarth,YES,Unfinished code,Pos 1-page 1,Astronaut 1,Sequence 3,"[['onflag', 'null'], ['say', ""that'sonesmallstepforaman,...""], ['say', '...onegiantleapformankind'], ['message', 'Red']]"
Sergio,FallingBacktoEarth,YES,Unfinished code,Pos 2-page 2,Rocket 2,Sequence 2,"[['onflag', 'null'], ['hide', 'null'], ['left', 4], ['show', 'null'], ['setspeed', 0], ['repeat', 2, [['back', 3, 699, 39], ['down', 2, 764, 39], ['left', 1, 829, 39], ['grow', 3, 894, 39]]], ['same', 'null'], ['left', 1], ['back', 2], ['down', 2], ['left', 5], ['down', 1], ['message', 'Yellow']]"
Sergio,FallingBacktoEarth,NONE,Sequences with adjacent blocks,----,----,----,----
Sergio,Solfege,NONE,Dead code,----,----,----,----
Sergio,Solfege,NONE,Unfinished code,----,----,----,----
Sergio,Solfege,NONE,Sequences with adjacent blocks,----,----,----,----
Lucas,wizardanddragonii,NONE,Dead code,----,----,----,----
Lucas,wizardanddragonii,NONE,Unfinished code,----,----,----,----
Lucas,wizardanddragonii,NONE,Sequences with adjacent blocks,----,----,----,----
Pedro,BasketballDunk,NONE,Dead code,----,----,----,----
Pedro,BasketballDunk,NONE,Unfinished code,----,----,----,----
Pedro,BasketballDunk,NONE,Sequences with adjacent blocks,----,----,----,----
Eva,Battleships,NONE,Dead code,----,----,----,----
Eva,Battleships,NONE,Unfinished code,----,----,----,----
Eva,Battleships,NONE,Sequences with adjacent blocks,----,----,----,----
Carlos,BatInvaders,NONE,Dead code,----,----,----,----
Carlos,BatInvaders,NONE,Unfinished code,----,----,----,----
Carlos,BatInvaders,NONE,Sequences with adjacent blocks,----,----,----,----
Sergio,FlowersBloom,NONE,Dead code,----,----,----,----
Sergio,FlowersBloom,NONE,Unfinished code,----,----,----,----
Sergio,FlowersBloom,NONE,Sequences with adjacent blocks,----,----,----,----
Sergio,HungryMonkey,NONE,Dead code,----,----,----,----
Sergio,HungryMonkey,NONE,Unfinished code,----,----,----,----
Sergio,HungryMonkey,YES,Sequences with adjacent blocks,Pos 1-page 1,Monkey 1,Sequence 3,"[['onmessage', 'Green'], ['right', 2], ['hop', 2], ['hop', 2], ['up', 3], ['back', 2], ['right', 1], ['up', 1], ['back', 3], ['left', 1], ['back', 4], ['hide', 'null'], ['message', 'Blue'], ['endstack', 'null']]"
Sergio,Einstain,NONE,Dead code,----,----,----,----
Sergio,Einstain,NONE,Unfinished code,----,----,----,----
Sergio,Einstain,NONE,Sequences with adjacent blocks,----,----,----,----
Raquel,SoccerShooting,NONE,Dead code,----,----,----,----
Raquel,SoccerShooting,NONE,Unfinished code,----,----,----,----
Raquel,SoccerShooting,NONE,Sequences with adjacent blocks,----,----,----,----
Sergio,TheAdventuresofaStartfish,NONE,Dead code,----,----,----,----
Sergio,TheAdventuresofaStartfish,NONE,Unfinished code,----,----,----,----
Sergio,TheAdventuresofaStartfish,NONE,Sequences with adjacent blocks,----,----,----,----
Sergio,JingleBells,NONE,Dead code,----,----,----,----
Sergio,JingleBells,NONE,Unfinished code,----,----,----,----
Sergio,JingleBells,NONE,Sequences with adjacent blocks,----,----,----,----
Sergio,TheJumpingFrog,NONE,Dead code,----,----,----,----
Sergio,TheJumpingFrog,NONE,Unfinished code,----,----,----,----
Sergio,TheJumpingFrog,NONE,Sequences with adjacent blocks,----,----,----,----
Sergio,TicTacToe,NONE,Dead code,----,----,----,----
Sergio,TicTacToe,NONE,Unfinished code,----,----,----,----
Sergio,TicTacToe,NONE,Sequences with adjacent blocks,----,----,----,----
Sergio,birthday_in_lockdown,NONE,Dead code,----,----,----,----
Sergio,birthday_in_lockdown,NONE,Unfinished code,----,----,----,----
Sergio,birthday_in_lockdown,NONE,Sequences with adjacent blocks,----,----,----,----
