Name,Project name,Total pages,Pages,Total sprites,Sprites,Total texts,Texts in pages,Total pages with unedited background,Pages with unedited background,Total unedited sprites,Unedited sprites,Sprites in pages,Sprites same name
Sergio,Bikathon,1,['Pos 1-page 1'],2,"['Cyclist 1', 'Driver 1']",0,[],1,['Pos 1-page 1'],0,[],"{'Pos 1-page 1': ['Cyclist', 'Driver']}",{}
Sergio,SkyWarriors,2,"['Pos 1-page 2', 'Pos 2-page 1']",7,"['Pilot 3', 'Teen 1', 'Teen 2', 'Pilot 1', 'Character 1', 'Character 2', 'Pilot 2']",1,"[['Pos 1-page 2', 'Text 1', ['str_txt', 'www.kidshacking.com'], ['fontsize', 16.0]]]",2,"['Pos 1-page 2', 'Pos 2-page 1']",4,"['Pilot 3', 'Teen 1', 'Teen 2', 'Pilot 1']","{'Pos 1-page 2': ['Pilot', 'Teen', 'Teen'], 'Pos 2-page 1': ['Pilot', 'Character', 'Character', 'Pilot']}","{'Pos 1-page 2': {'Teen': 2}, 'Pos 2-page 1': {'Pilot': 2, 'Character': 2}}"
Sergio,wizardanddragon,2,"['Pos 1-page 1', 'Pos 2-page 2']",5,"['Fort 1', 'Castle 1', 'Dragon 1', 'Wizard 1', 'Star 1']",1,"[['Pos 2-page 2', 'Text 1', ['str_txt', 'to be continued...'], ['fontsize', 24.0]]]",2,"['Pos 1-page 1', 'Pos 2-page 2']",5,"['Fort 1', 'Castle 1', 'Dragon 1', 'Wizard 1', 'Star 1']","{'Pos 1-page 1': ['Fort', 'Castle', 'Dragon', 'Wizard', 'Star']}",{}
Sergio,FlyFlap,3,"['Pos 1-page 2', 'Pos 2-page 3', 'Pos 3-page 1']",4,"['Grandfather 1', 'Fly 2', 'Fly 3', 'Fly 1']",0,[],3,"['Pos 1-page 2', 'Pos 2-page 3', 'Pos 3-page 1']",4,"['Grandfather 1', 'Fly 2', 'Fly 3', 'Fly 1']","{'Pos 1-page 2': ['Grandfather', 'Fly'], 'Pos 2-page 3': ['Fly'], 'Pos 3-page 1': ['Fly']}",{}
Sergio,FallingBacktoEarth,3,"['Pos 1-page 1', 'Pos 2-page 2', 'Pos 3-page 3']",11,"['Rocket 1', 'Astronaut 1', 'Star 1', 'Star 3', 'Star 2', 'Star 4', 'Star 5', 'Rocket 2', 'Child 1', 'Child 2', 'Astronaut 2']",2,"[['Pos 3-page 3', 'Text 1', ['str_txt', 'The End'], ['fontsize', 56.0]], ['Pos 3-page 3', 'Text 2', ['str_txt', 'www.kidshacking.com'], ['fontsize', 24.0]]]",3,"['Pos 1-page 1', 'Pos 2-page 2', 'Pos 3-page 3']",11,"['Rocket 1', 'Astronaut 1', 'Star 1', 'Star 3', 'Star 2', 'Star 4', 'Star 5', 'Rocket 2', 'Child 1', 'Child 2', 'Astronaut 2']","{'Pos 1-page 1': ['Rocket', 'Astronaut', 'Star', 'Star', 'Star', 'Star', 'Star'], 'Pos 2-page 2': ['Rocket', 'Child', 'Child', 'Astronaut']}","{'Pos 1-page 1': {'Star': 5}, 'Pos 2-page 2': {'Child': 2}}"
Sergio,Solfege,1,['Pos 1-page 1'],8,"['Teen 2', 'Teen 3', 'Teen 4', 'Teen 5', 'Teen 6', 'Teen 1', 'Child 1', 'Fairy 1']",0,[],1,['Pos 1-page 1'],8,"['Teen 2', 'Teen 3', 'Teen 4', 'Teen 5', 'Teen 6', 'Teen 1', 'Child 1', 'Fairy 1']","{'Pos 1-page 1': ['Teen', 'Teen', 'Teen', 'Teen', 'Teen', 'Teen', 'Child', 'Fairy']}",{'Pos 1-page 1': {'Teen': 6}}
Lucas,wizardanddragonii,1,['Pos 1-page 1'],5,"['Dragon 1', 'Dragon 2', 'Snake 1', 'Fairy 1', 'Wizard 1']",1,"[['Pos 1-page 1', 'Text 1', ['str_txt', 'www.kidshacking.com'], ['fontsize', 16.0]]]",1,['Pos 1-page 1'],4,"['Dragon 1', 'Snake 1', 'Fairy 1', 'Wizard 1']","{'Pos 1-page 1': ['Dragon', 'Dragon', 'Snake', 'Fairy', 'Wizard']}",{'Pos 1-page 1': {'Dragon': 2}}
Pedro,BasketballDunk,1,['Pos 1-page 1'],3,"['Cat 1', 'Basketball 1', 'Tornado 1']",0,[],1,['Pos 1-page 1'],3,"['Cat 1', 'Basketball 1', 'Tornado 1']","{'Pos 1-page 1': ['Cat', 'Basketball', 'Tornado']}",{}
Eva,Battleships,1,['Pos 1-page 1'],8,"['Character 2', 'Character 4', 'Character 5', 'Character 6', 'Character 1', 'Boat 1', 'Boat 2', 'Character 3']",1,"[['Pos 1-page 1', 'Text 1', ['str_txt', 'www.kidshacking.com'], ['fontsize', 16.0]]]",1,['Pos 1-page 1'],1,['Boat 1'],"{'Pos 1-page 1': ['Character', 'Character', 'Character', 'Character', 'Character', 'Boat', 'Boat', 'Character']}","{'Pos 1-page 1': {'Character': 6, 'Boat': 2}}"
Carlos,BatInvaders,1,['Pos 1-page 1'],5,"['Bat 1', 'Bat 2', 'Bat 3', 'Ball 1', 'Rancher 1']",1,"[['Pos 1-page 1', 'Text 1', ['str_txt', 'bat invaders - www.kidshacking.com'], ['fontsize', 16.0]]]",1,['Pos 1-page 1'],5,"['Bat 1', 'Bat 2', 'Bat 3', 'Ball 1', 'Rancher 1']","{'Pos 1-page 1': ['Bat', 'Bat', 'Bat', 'Ball', 'Rancher']}",{'Pos 1-page 1': {'Bat': 3}}
Sergio,FlowersBloom,1,['Pos 1-page 1'],12,"['Cloud 1', 'Storm Cloud 1', 'Storm Cloud 2', 'Sun 1', 'Tulip 1', 'Tulip 2', 'Tulip 3', 'Tulip 4', 'Daisy 1', 'Daisy 2', 'Daisy 3', 'Butterfly 1']",0,[],1,['Pos 1-page 1'],12,"['Cloud 1', 'Storm Cloud 1', 'Storm Cloud 2', 'Sun 1', 'Tulip 1', 'Tulip 2', 'Tulip 3', 'Tulip 4', 'Daisy 1', 'Daisy 2', 'Daisy 3', 'Butterfly 1']","{'Pos 1-page 1': ['Cloud', 'Storm Cloud', 'Storm Cloud', 'Sun', 'Tulip', 'Tulip', 'Tulip', 'Tulip', 'Daisy', 'Daisy', 'Daisy', 'Butterfly']}","{'Pos 1-page 1': {'Storm Cloud': 2, 'Tulip': 4, 'Daisy': 3}}"
Sergio,HungryMonkey,1,['Pos 1-page 1'],3,"['Monkey 1', 'Lizard 1', 'Mushroom 1']",0,[],1,['Pos 1-page 1'],3,"['Monkey 1', 'Lizard 1', 'Mushroom 1']","{'Pos 1-page 1': ['Monkey', 'Lizard', 'Mushroom']}",{}
Sergio,Einstain,1,['Pos 1-page 1'],5,"['Child 1', 'Child 2', 'Child 3', 'Grandfather 1', 'Fairy 1']",2,"[['Pos 1-page 1', 'Text 1', ['str_txt', '7+4= '], ['fontsize', 48.0]], ['Pos 1-page 1', 'Text 2', ['str_txt', 'www.kidshacking.com'], ['fontsize', 16.0]]]",1,['Pos 1-page 1'],5,"['Child 1', 'Child 2', 'Child 3', 'Grandfather 1', 'Fairy 1']","{'Pos 1-page 1': ['Child', 'Child', 'Child', 'Grandfather', 'Fairy']}",{'Pos 1-page 1': {'Child': 3}}
Raquel,SoccerShooting,1,['Pos 1-page 1'],4,"['Tac 1', 'Toc 1', 'Soccer Ball 1', 'Soccer Net 1']",1,"[['Pos 1-page 1', 'Text 1', ['str_txt', 'www.kidshacking.com'], ['fontsize', 16.0]]]",1,['Pos 1-page 1'],4,"['Tac 1', 'Toc 1', 'Soccer Ball 1', 'Soccer Net 1']","{'Pos 1-page 1': ['Tac', 'Toc', 'Soccer Ball', 'Soccer Net']}",{}
Sergio,TheAdventuresofaStartfish,2,"['Pos 1-page 1', 'Pos 2-page 2']",9,"['Rower 1', 'Sun 1', 'Crab 1', 'Starfish 1', 'Starfish 2', 'Seahorse 1', 'Fish 1', 'Fish 2', 'Starfish 3']",0,[],2,"['Pos 1-page 1', 'Pos 2-page 2']",8,"['Rower 1', 'Sun 1', 'Crab 1', 'Starfish 1', 'Starfish 2', 'Seahorse 1', 'Fish 1', 'Fish 2']","{'Pos 1-page 1': ['Rower', 'Sun', 'Crab', 'Starfish'], 'Pos 2-page 2': ['Starfish', 'Seahorse', 'Fish', 'Fish', 'Starfish']}","{'Pos 2-page 2': {'Starfish': 2, 'Fish': 2}}"
Sergio,JingleBells,1,['Pos 1-page 1'],11,"['Tree 1', 'Star 1', 'Star 2', 'Star 3', 'Star 4', 'Earth 1', 'Earth 2', 'Earth 3', 'Child 1', 'Child 2', 'Rabbit 1']",1,"[['Pos 1-page 1', 'Text 1', ['str_txt', 'www.kidshacking.com'], ['fontsize', 16.0]]]",1,['Pos 1-page 1'],11,"['Tree 1', 'Star 1', 'Star 2', 'Star 3', 'Star 4', 'Earth 1', 'Earth 2', 'Earth 3', 'Child 1', 'Child 2', 'Rabbit 1']","{'Pos 1-page 1': ['Tree', 'Star', 'Star', 'Star', 'Star', 'Earth', 'Earth', 'Earth', 'Child', 'Child', 'Rabbit']}","{'Pos 1-page 1': {'Star': 4, 'Earth': 3, 'Child': 2}}"
Sergio,TheJumpingFrog,1,['Pos 1-page 1'],4,"['Child 1', 'Child 2', 'Ball 1', 'Frog 1']",0,[],1,['Pos 1-page 1'],3,"['Child 1', 'Child 2', 'Ball 1']","{'Pos 1-page 1': ['Child', 'Child', 'Ball', 'Frog']}",{'Pos 1-page 1': {'Child': 2}}
Sergio,TicTacToe,1,['Pos 1-page 1'],14,"['Character 2', 'Character 1', 'Character 3', 'Character 4', 'Character 5', 'Character 6', 'Character 7', 'Character 8', 'Character 9', 'Character 10', 'Character 11', 'Character 12', 'Character 13', 'Character 14']",0,[],1,['Pos 1-page 1'],0,[],"{'Pos 1-page 1': ['Character', 'Character', 'Character', 'Character', 'Character', 'Character', 'Character', 'Character', 'Character', 'Character', 'Character', 'Character', 'Character', 'Character']}",{'Pos 1-page 1': {'Character': 14}}
Sergio,birthday_in_lockdown,3,"['Pos 1-page 1', 'Pos 2-page 2', 'Pos 3-page 3']",18,"['Cake 1', 'Table 1', 'Child 1', 'Mother 1', 'Father 1', 'Fairy 1', 'Table 2', 'Cake 2', 'Child 2', 'Child 3', 'Child 4', 'Child 5', 'Child 6', 'Ball 1', 'Sun 1', 'Butterfly 1', 'Rabbit 1', 'Fairy 2']",3,"[['Pos 1-page 1', 'Text 2', ['str_txt', 'www.kidshacking.com'], ['fontsize', 16.0]], ['Pos 2-page 2', 'Text 3', ['str_txt', 'www.kidshacking.com'], ['fontsize', 16.0]], ['Pos 3-page 3', 'Text 1', ['str_txt', 'www.kidshacking.com'], ['fontsize', 16.0]]]",3,"['Pos 1-page 1', 'Pos 2-page 2', 'Pos 3-page 3']",17,"['Cake 1', 'Table 1', 'Child 1', 'Mother 1', 'Father 1', 'Fairy 1', 'Table 2', 'Cake 2', 'Child 2', 'Child 3', 'Child 4', 'Child 5', 'Child 6', 'Ball 1', 'Sun 1', 'Butterfly 1', 'Rabbit 1']","{'Pos 1-page 1': ['Cake', 'Table', 'Child', 'Mother', 'Father', 'Fairy'], 'Pos 2-page 2': ['Table', 'Cake', 'Child', 'Child', 'Child', 'Child', 'Child', 'Ball', 'Sun', 'Butterfly', 'Rabbit'], 'Pos 3-page 3': ['Fairy']}",{'Pos 2-page 2': {'Child': 5}}
