Name,Project name,Triggerings,Motion,Looks,Control,Sound,Ends,Total
Sergio,Bikathon,2/5,4/5,1/4,3/4,1/2,2/3,13/23
Sergio,SkyWarriors,5/5,3/5,2/4,2/4,1/2,3/3,16/23
Sergio,wizardanddragon,5/5,2/5,2/4,3/4,0/2,3/3,15/23
Sergio,FlyFlap,4/5,2/5,3/4,4/4,1/2,3/3,17/23
Sergio,FallingBacktoEarth,4/5,4/5,3/4,3/4,1/2,3/3,18/23
Sergio,Solfege,1/5,0/5,1/4,0/4,1/2,1/3,4/23
Lucas,wizardanddragonii,4/5,1/5,2/4,2/4,0/2,2/3,11/23
Pedro,BasketballDunk,1/5,3/5,2/4,2/4,0/2,1/3,9/23
Eva,Battleships,5/5,3/5,3/4,4/4,1/2,2/3,18/23
Carlos,BatInvaders,5/5,2/5,2/4,1/4,1/2,2/3,13/23
Sergio,FlowersBloom,4/5,2/5,3/4,2/4,0/2,2/3,13/23
Sergio,HungryMonkey,3/5,4/5,2/4,0/4,0/2,1/3,10/23
Sergio,Einstain,4/5,0/5,2/4,2/4,0/2,1/3,9/23
Raquel,SoccerShooting,4/5,3/5,2/4,3/4,1/2,2/3,15/23
Sergio,TheAdventuresofaStartfish,5/5,2/5,3/4,3/4,1/2,3/3,17/23
Sergio,JingleBells,3/5,4/5,2/4,3/4,0/2,2/3,14/23
Sergio,TheJumpingFrog,5/5,2/5,2/4,2/4,1/2,2/3,14/23
Sergio,TicTacToe,4/5,2/5,3/4,1/4,0/2,2/3,12/23
Sergio,birthday_in_lockdown,3/5,3/5,3/4,2/4,0/2,3/3,14/23
